"","age","Mspline_tlcoSI_Male","Mspline_tlcoSI_Female","Mspline_kcoSI_Male","Mspline_kcoSI_Female","Mspline_vaSI_Male","Mspline_vaSI_Female","Mspline_tlcoTr_Male","Mspline_tlcoTr_Female","Mspline_kcoTr_Male","Mspline_kcoTr_Female"
"1",5,-0.116094101621069,-0.180901244145523,-0.120840225859462,-0.0504789288710512,0.00910194865577552,-0.125301533339741,-0.116094106574206,-0.180901248076244,-0.120840231449606,-0.0504789324879775
"2",5.25,-0.119634476690273,-0.173775537867751,-0.118429101588612,-0.048151798907857,0.00275845665654373,-0.122519993727732,-0.119634480865385,-0.173775541464398,-0.118429107505669,-0.0481518021991256
"3",5.5,-0.122905539457728,-0.166946055795232,-0.116094492674387,-0.0459186716132027,-0.00321683587077359,-0.11981006986373,-0.12290554289709,-0.166946059073645,-0.11609449891108,-0.0459186745956988
"4",5.75,-0.125873478090877,-0.160370539008011,-0.113805879059254,-0.0437654310311846,-0.00882091207763125,-0.117137949522059,-0.125873480837027,-0.160370541983019,-0.113805885615678,-0.0437654337208633
"5",6,-0.128515865863656,-0.154014094734306,-0.111539524938679,-0.0416804799535542,-0.0140555333299179,-0.114477518513665,-0.128515867958875,-0.154014097419802,-0.111539531820557,-0.0416804823654875
"6",6.25,-0.130802460516728,-0.147845035188897,-0.109268175015797,-0.0396534008318343,-0.0189179551867742,-0.1118050114284,-0.13080246200381,-0.147845037598059,-0.109268182234745,-0.0396534029803766
"7",6.5,-0.132685357880526,-0.141832720525974,-0.106955779589476,-0.0376742466109015,-0.0233961572659833,-0.109096308556495,-0.132685358804191,-0.141832722671505,-0.106955787164337,-0.0376742485099015
"8",6.75,-0.134127766910311,-0.135951411853318,-0.104572907491594,-0.0357346989249709,-0.0274827868511007,-0.106332374378745,-0.134127767316603,-0.135951413747467,-0.104572915446989,-0.0357347005877751
"9",7,-0.135104461812258,-0.130179826808354,-0.102096986202482,-0.0338279515182065,-0.0311753966602097,-0.103498730788729,-0.135104461747858,-0.130179828462902,-0.102096994567336,-0.0338279529576546
"10",7.25,-0.135597588356051,-0.124502629310495,-0.0995115607107793,-0.0319510413897435,-0.0344738292063216,-0.100583576935747,-0.135597587867517,-0.12450263073679,-0.0995115695148772,-0.0319510426182257
"11",7.5,-0.135594198676738,-0.118910070200108,-0.0968053774588311,-0.0301049621883296,-0.0373788842684792,-0.0975769206448067,-0.135594197809804,-0.118910071409105,-0.0968053867289651,-0.0301049632178678
"12",7.75,-0.135087297389878,-0.113394018022708,-0.0939703822472948,-0.0282906082594585,-0.0398938842220407,-0.094471350662344,-0.135087296189251,-0.113394019024963,-0.0939703920073192,-0.0282906091016937
"13",8,-0.134074721708917,-0.10794746362583,-0.0910009850787148,-0.0265085492682351,-0.0420242109982141,-0.0912616016333931,-0.134074720218148,-0.107947464431514,-0.091000995349896,-0.0265085499344186
"14",8.25,-0.132558996673277,-0.102565078066368,-0.0878941813796406,-0.0247595526134265,-0.0437772877111833,-0.0879447419272505,-0.13255899493457,-0.102565078685305,-0.0878941921805416,-0.0247595531144302
"15",8.5,-0.130553279317516,-0.0972471932011985,-0.0846536864315737,-0.0230471906512766,-0.0451658862609943,-0.0845232879460696,-0.130553277370608,-0.0972471936431534,-0.0846536977748751,-0.0230471909976098
"16",8.75,-0.128075413439829,-0.0919959071449554,-0.0812860989604673,-0.0213755476383355,-0.0462049193771801,-0.0810017681568187,-0.128075411321638,-0.0919959074197001,-0.0812861108520972,-0.021375547840158
"17",9,-0.125143062894926,-0.0868127394515845,-0.0777977547537567,-0.0197478646113383,-0.0469088175478696,-0.0773846215284877,-0.125143060639799,-0.0868127395688463,-0.0777977671939243,-0.0197478646784619
"18",9.25,-0.121773553749307,-0.0816987240024432,-0.074194699043399,-0.0181666759375805,-0.0472914790948114,-0.0736761664496353,-0.121773551389245,-0.0816987239718658,-0.0741947120274835,-0.0181666758794812
"19",9.5,-0.117983963917901,-0.0766546195308262,-0.0704827916064743,-0.0166339336888219,-0.0473663082997557,-0.0698808678940797,-0.117983961482769,-0.0766546193619391,-0.0704828051257671,-0.0166339335146475
"20",9.75,-0.113797424694393,-0.0716836186134335,-0.0666714311429062,-0.015151248955573,-0.0471481157737728,-0.0660092403714376,-0.113797422212091,-0.0716836183156122,-0.0666714451847139,-0.0151512486742762
"21",10,-0.109243765518983,-0.0667908811827704,-0.0627739634966953,-0.0137199441843707,-0.0466533273336154,-0.0620766675770632,-0.109243763015607,-0.0667908807652218,-0.0627739780443002,-0.013719943804829
"22",10.25,-0.104350727649242,-0.0619806858398144,-0.0588025693675189,-0.0123409626681066,-0.0458973708393273,-0.058096910070784,-0.104350725149235,-0.0619806853115534,-0.0588025844007722,-0.0123409621990929
"23",10.5,-0.0991436343364054,-0.0572564497109038,-0.0547680894729918,-0.0110149238960098,-0.0448945948270421,-0.0540820598197644,-0.0991436318626819,-0.057256449080751,-0.0547681049688671,-0.0110149233461794
"24",10.75,-0.0936456451346608,-0.0526208556261496,-0.0506801865005415,-0.00974217600207528,-0.0436583620627111,-0.0500427517213975,-0.0936456427087311,-0.0526208549027256,-0.0506802024336088,-0.00974217537994626
"25",11,-0.0878779976000459,-0.0480759790574474,-0.0465474947393711,-0.00852283554671018,-0.0422011409689613,-0.0459883957117881,-0.087877995242116,-0.0480759782491624,-0.0465475110822058,-0.00852283486065364
"26",11.25,-0.0818663159713076,-0.0436246716278763,-0.0423809116900058,-0.00735652952610399,-0.0405370127794988,-0.0419307426113065,-0.0818663137000613,-0.0436246707428589,-0.0423809284139187,-0.00735652878423032
"27",11.5,-0.0756483679397402,-0.0392712484438258,-0.0381976368857009,-0.00624228762446943,-0.0386847564929802,-0.0378856271764754,-0.0756483657716842,-0.0392712474898156,-0.0381976539618831,-0.00624228683449157
"28",11.75,-0.0692600460387069,-0.0350194033386693,-0.0340139135820867,-0.00517906056278106,-0.0366622727968373,-0.0338674073411926,-0.0692600439882876,-0.0350194023230284,-0.0340139309818412,-0.00517905973202293
"29",12,-0.0627334410777518,-0.0308721044770577,-0.0298440395012074,-0.0041657796138308,-0.0344858192970356,-0.0298886398407898,-0.062733439157558,-0.0308721034067947,-0.0298440571960232,-0.00416577874924862
"30",12.25,-0.0560972662130634,-0.026831690946449,-0.0257005946323572,-0.00320136491559619,-0.0321701816142301,-0.025960294598363,-0.0560972644340065,-0.0268316898282439,-0.0257006125939676,-0.00320136402380911
"31",12.5,-0.0493772283534089,-0.0228999562596384,-0.0215946399773337,-0.00228473232117743,-0.0297288240996725,-0.0220919415293075,-0.0493772267248884,-0.0228999550998594,-0.0215946581777686,-0.00228473140848262
"32",12.75,-0.0425963541992349,-0.0190782204016058,-0.0175358913361423,-0.0014147985402202,-0.0271740229156379,-0.0182919142868467,-0.0425963527292961,-0.0190782192063308,-0.0175359097477661,-0.00141479761261643
"33",13,-0.035777023973548,-0.0153670202374991,-0.0135332143638709,-0.000589833968996256,-0.0245184309435817,-0.0145682755895624,-0.0357770226689045,-0.0153670190124631,-0.0135332329596691,-0.000589833032120346
"34",13.25,-0.0289483763788638,-0.0117654984651523,-0.00959616165489674,0.000193698631871353,-0.0217811070657881,-0.0109304127665339,-0.0289483752445463,-0.0117654972155874,-0.00959618040980192,0.000193699572953676
"35",13.5,-0.0221393929940668,-0.00827245241479169,-0.00573368957408782,0.000939388362086735,-0.0189816949684545,-0.0073869357204206,-0.0221393920334378,-0.00827245114543373,-0.00573370846525112,0.000939389302867966
"36",13.75,-0.0153759512311566,-0.00488657503470691,-0.0019536448763291,0.00165052437036328,-0.016137900628765,-0.00394533280135967,-0.0153759504460735,-0.00488657374983514,-0.00195366388293916,0.00165052530684928
"37",14,-0.00868114358281069,-0.00160647386313428,0.0017371155107182,0.00233012395729792,-0.0132656852643454,-0.000612094055922441,-0.00868114297378497,-0.00160647256661051,0.00173709640760533,0.00233012488596174
"38",14.25,-0.00207556292907896,0.00156931260255089,0.00533261810221752,0.00298095768365547,-0.010379438556436,0.00260717981122305,-0.0020755624954063,0.00156931390724235,0.00533259891982762,0.00298095860139735
"39",14.5,0.00442244382482038,0.00464230078072259,0.0088276785624295,0.00360557184426513,-0.00749213295876316,0.00570768095334806,0.00442244408492876,0.0046423020904518,0.00882765931641183,0.00360557274837525
"40",14.75,0.010796549897222,0.00761404981633973,0.0122178179982466,0.00420630861875493,-0.00461546138728508,0.0086853088161245,0.0107965499865328,0.0076140511282965,0.0122177987027969,0.00420630950687695
"41",15,0.0170322758459527,0.0104862089748154,0.0154992023058851,0.0047852944270157,-0.00175994969387538,0.0115368786993741,0.0170322757681083,0.0104862102864836,0.0154991829738695,0.00478529529712546
"42",15.25,0.023117670092029,0.0132610359049377,0.0186689894641638,0.00534418535900549,0.00106525117202594,0.0142626454127228,0.0231176698514366,0.0132610372140824,0.018668970107413,0.0053441862094008
"43",15.5,0.0290432017516871,0.0159410847998229,0.0217252963043153,0.00588433800346477,0.00385228628461043,0.0168647491238634,0.0290432013534216,0.0159410861044611,0.0217252769339229,0.00588433883275119
"44",15.75,0.0348005527652013,0.018528833406684,0.0246666345250519,0.00640701081287176,0.00659411497234785,0.0193453618879431,0.0348005522149224,0.0185288347050676,0.024666615151435,0.00640701161994084
"45",16,0.0403824411569396,0.0210266805868731,0.0274918407576701,0.00691337435420314,0.00928441358774101,0.0217066561314301,0.0403824404608439,0.0210266818774718,0.0274918213906163,0.00691337513820223
"46",16.25,0.045782520276445,0.0234369488103958,0.0302000417719404,0.00740451831122169,0.0119175094424762,0.0239507984339848,0.045782519441194,0.0234369500918801,0.0302000224206473,0.00740451907153616
"47",16.5,0.0509952882521532,0.0257618866334601,0.0327906233565205,0.00788145784717331,0.0144883212689777,0.0260799442252022,0.0509952872848318,0.0257618879046806,0.0327906040296315,0.00788145858340616
"48",16.75,0.056016006529152,0.0280036711477871,0.0352632024577897,0.00834513939461834,0.01699230549848,0.0280962332781733,0.0560160054372103,0.0280036724077686,0.035263183163432,0.00834514010656839
"49",17,0.0608406265001786,0.030164410387008,0.0376176022135248,0.00879644592967654,0.0194254077307079,0.0300017858936741,0.0608406252913953,0.0301644116349262,0.0376175829593399,0.00879644661732559
"50",17.25,0.0654657235805711,0.0322461457668277,0.0398538296776256,0.00923620215873999,0.0217840189553549,0.0317986986224632,0.0654657222630153,0.0322461470020068,0.0398538104708015,0.00923620282223681
"51",17.5,0.069888622403921,0.0342508123366123,0.0419721519356,0.00966497711638414,0.0240650276161549,0.0334896169886942,0.0698886209858989,0.034250813558506,0.0419721327828877,0.00966497775602182
"52",17.75,0.0741103084959285,0.0361800709609685,0.0439746212740659,0.0100822721147384,0.0262672560166202,0.0350800602305519,0.0741103069857143,0.0361800721691168,0.0439746021816871,0.0100822727309193
"53",18,0.0781345768191191,0.0380354737388044,0.0458646412500712,0.0104873077130021,0.0283910291126404,0.0365761859653801,0.0781345752247491,0.0380354749328262,0.0458646222236467,0.0104873083062174
"54",18.25,0.0819652483562816,0.039818540296233,0.0476455266353621,0.0108793830117793,0.0304367847909148,0.0379837738139521,0.081965246685554,0.0398185414758139,0.047645507679952,0.0108793835825995
"55",18.5,0.0856060810445882,0.0415307577950186,0.0493204646106098,0.0112578689335945,0.0324050224452996,0.0393082521967258,0.0856060793050801,0.0415307589599152,0.0493204457307495,0.0112578694826668
"56",18.75,0.0890607291339478,0.0431735810812395,0.0508925032914842,0.0116222022370041,0.0342962780508724,0.0405547225830372,0.0890607273330133,0.0431735822312653,0.0508924844912206,0.011622202765043
"57",19,0.092332911867322,0.0447484329252186,0.0523646344595226,0.0119718800580331,0.0361111941172432,0.0417279818126808,0.0923329100121038,0.0447484340602413,0.0523646157424498,0.0119718805658131
"58",19.25,0.0954263216193354,0.0462567046467752,0.0537397578468664,0.0123064553554637,0.0378504727133713,0.0428325419003119,0.095426319716756,0.0462567057667167,0.0537397392161543,0.0123064558438148
"59",19.5,0.0983442562775494,0.0476997541554223,0.0550205201323668,0.012625529092424,0.0395147046609257,0.0438726548725867,0.0983442543343545,0.0476997552602523,0.055020501590787,0.0126255295622295
"60",19.75,0.101089881823752,0.0490789190363072,0.05620943880316,0.0129287637208213,0.0411044831556566,0.0448522986217146,0.101089879846524,0.0490789201260382,0.0562094203531096,0.0129287641730063
"61",20,0.103666314908871,0.0503954778253579,0.0573089441491597,0.0132158246822809,0.0426204366343672,0.0457752912473506,0.103666312904036,0.0503954789000458,0.0573089257926904,0.0132158251178183
"62",20.25,0.106076991232383,0.0516506895257862,0.0583215502926944,0.0134864313277672,0.0440633907827586,0.0466452083199052,0.106076989206174,0.0516506905855234,0.058321532031536,0.0134864317476726
"63",20.5,0.108326719020836,0.0528459633310954,0.0592503360408871,0.0137405897301921,0.0454348396059103,0.0474649729853898,0.108326716979168,0.0528459643760035,0.059250317876486,0.0137405901354466
"64",20.75,0.110420480646784,0.0539827114009759,0.0600984060407614,0.0139783835848459,0.0467364019365011,0.048237239057995,0.110420478595235,0.0539827124311962,0.0600983879743029,0.0139783839763794
"65",21,0.112363059685272,0.0550623029650188,0.0608687253387439,0.0141999066815579,0.0479696502012139,0.0489645193753443,0.112363057629101,0.0550623039807174,0.060868707371168,0.0141999070602541
"66",21.25,0.114159385051012,0.0560860687196021,0.0615642785734796,0.0144052657385476,0.0491362622163773,0.0496491872118181,0.114159382995147,0.0560860697209611,0.0615642607055054,0.0144052661052418
"67",21.5,0.115814776972488,0.0570553103665095,0.0621881838662319,0.0145945905964422,0.0502381298825849,0.0502934638166774,0.115814774921486,0.0570553113537269,0.0621881660983727,0.0145945909519201
"68",21.75,0.117333966640585,0.0579712930291469,0.0627432510355526,0.0147680207082992,0.0512769158678026,0.0508994488831682,0.117333964598688,0.0579712940024404,0.0627432333681277,0.0147680210533041
"69",22,0.11872146971557,0.0588352438293365,0.0632321540378107,0.0149257003862133,0.05225421840988,0.0514691346507519,0.118721467686717,0.0588352447889333,0.0632321364709596,0.0149257007214372
"70",22.25,0.119981632301304,0.0596483533485577,0.0636574550827143,0.0150677782276114,0.053171588501062,0.0520044124427343,0.119981630289155,0.0596483542947039,0.0636574376164067,0.0150677785537088
"71",22.5,0.121118685744364,0.0604117771158021,0.0640216342844608,0.015194406728027,0.0540305487515607,0.0525070793178735,0.121118683752312,0.0604117780487492,0.0640216169185086,0.0151944070456125
"72",22.75,0.122136651413461,0.0611266367497203,0.0643270416842494,0.0153057415273894,0.0548325585683749,0.0529788426006288,0.122136649444641,0.0611266376697355,0.0643270244183185,0.0153057418370395
"73",23,0.123039180924154,0.0617940211493799,0.0645758146507802,0.015401940856667,0.0555789579514965,0.0534213246846083,0.123039178981475,0.0617940220567421,0.0645757974843897,0.0154019411589239
"74",23.25,0.123829850554174,0.062414973563266,0.0647700343270881,0.0154831453512689,0.0562710677453495,0.0538360960364042,0.123829848640317,0.0624149744582594,0.0647700172596259,0.0154831456466429
"75",23.5,0.1245125549819,0.0629904840071021,0.0649119347415819,0.015549465454705,0.056910323499217,0.0542246967513371,0.124512553099324,0.0629904848900225,0.0649119177723265,0.0155494657436783
"76",23.75,0.125091141401377,0.0635217334092673,0.0650037104118018,0.0156013210420003,0.0574981499616261,0.054588152460175,0.125091139552312,0.0635217342804131,0.0650036935399347,0.0156013213250059
"77",24,0.125569298269154,0.0640099651575659,0.0650474584790084,0.0156392599581427,0.0580359225311415,0.0549272387920894,0.125569296455615,0.0640099660172284,0.0650474417036215,0.015639260235556
"78",24.25,0.125950864691394,0.0644564047387233,0.065045343212796,0.015663843916899,0.0585250722027837,0.0552426485772024,0.125950862915185,0.0644564055871903,0.0650453265329087,0.0156638441890333
"79",24.5,0.126240353903849,0.0648622860167265,0.0649998736576745,0.0156756836489573,0.0589672635803247,0.055534944304954,0.126240352166526,0.0648622868542796,0.0649998570722676,0.0156756839160694
"80",24.75,0.126441707228016,0.0652287756617902,0.0649132455152435,0.01567533166924,0.0593639694717112,0.0558047153451255,0.126441705530926,0.0652287764887047,0.0649132290232508,0.0156753319315319
"81",25,0.126558726027548,0.0655569984867128,0.0647875699351648,0.0156633162639026,0.0597166182229394,0.0560525317394305,0.126558724371826,0.0655569993032588,0.0647875535354765,0.015663316521521
"82",25.25,0.126595030843481,0.065848040891173,0.0646248526752213,0.0156401449285255,0.0600265792668253,0.0562789418093885,0.126595029230076,0.0658480416976124,0.0646248363666886,0.015640145181572
"83",25.5,0.126554088227032,0.0661029502610253,0.0644270098735844,0.015606302204747,0.0602951706696935,0.0564844777079916,0.126554086656709,0.0661029510576157,0.0644269936550192,0.0156063024532767
"84",25.75,0.126439216937788,0.0663227374505002,0.0641958712762722,0.0155622519307221,0.0605236617455205,0.0566696544051979,0.126439215411143,0.0663227382374973,0.0641958551464521,0.0155622521747469
"85",26,0.126253594509636,0.0665083782790354,0.063933184046304,0.015508438136556,0.0607132752670765,0.0568349705749132,0.126253593027103,0.0665083790566863,0.0639331680039752,0.0155084383760444
"86",26.25,0.126000264609166,0.0666608150488122,0.0636406167352748,0.015445286012072,0.060865190259781,0.0569809092885194,0.12600026317102,0.0666608158173601,0.0636406007791535,0.0154452862469574
"87",26.5,0.125682144898335,0.0667809579651824,0.0633197626836397,0.0153732027803257,0.0609805460392696,0.057107938758838,0.125682143504713,0.0667809587248644,0.0633197468124163,0.0153732030105047
"88",26.75,0.125302031661942,0.0668696864912652,0.0629721442723303,0.0152925786008415,0.0610604417860579,0.0572165127897488,0.125302030312842,0.0668696872423125,0.0629721284846698,0.0152925788261742
"89",27,0.124862605125255,0.066927850655448,0.0625992165813707,0.0152037875629416,0.0611059375862162,0.0573070707741703,0.124862603820548,0.0669278513980931,0.0625992008759191,0.0152037877832578
"90",27.25,0.124366416623445,0.0669562721871424,0.0622023751988858,0.0151071878745888,0.0611180313442272,0.0573800400272351,0.124366415362874,0.0669562729216082,0.0622023595742607,0.0151071880896874
"91",27.5,0.123815908635159,0.066955746719656,0.0617829557465042,0.0150031299489499,0.061097680342078,0.057435813426661,0.123815907418346,0.0669557474461602,0.0617829402012995,0.0150031301586004
"92",27.75,0.123213558298017,0.0669270501633612,0.0613422026638468,0.0148919942698522,0.0610459900951899,0.0574746343615971,0.123213557124503,0.0669270508821187,0.0613421871966748,0.0148919944738033
"93",28,0.122561761158538,0.0668709369985745,0.0608813016615368,0.0147741726124191,0.0609640525284529,0.0574966575798239,0.122561760027786,0.0668709377097896,0.0608812862710351,0.0147741728103954
"94",28.25,0.121862839148768,0.0667881373737993,0.060401381476654,0.0146500411643897,0.060852952162131,0.0575020350697084,0.121862838060181,0.0667881380776656,0.0604013661614933,0.0146500413560977
"95",28.5,0.121119088840144,0.0666793577203144,0.0599035055451678,0.0145199587538238,0.0607138269292928,0.0574909237966299,0.121119087793076,0.0666793584170202,0.0599034903040705,0.0145199589389504
"96",28.75,0.120332682429146,0.066545281843287,0.0593886995828181,0.0143842687068854,0.060547730427654,0.0574634820668276,0.120332681422901,0.0665452825330117,0.0593886844145493,0.0143842688850988
"97",29,0.119505705930562,0.0663865718995424,0.0588579453596094,0.0142433001707363,0.0603556796177234,0.0574198674570638,0.119505704964402,0.0663865725824602,0.0588579302629726,0.0142433003416924
"98",29.25,0.118640161088244,0.0662038691903568,0.0583121832196407,0.0140973684405941,0.0601386536792763,0.0573602376664226,0.118640160161382,0.0662038698666336,0.0583121681934822,0.014097368603931
"99",29.5,0.117737967703899,0.0659977949366688,0.0577523142784035,0.013946775417387,0.0598975938785085,0.0572847508489822,0.11773796681551,0.0659977956064637,0.0577522993216042,0.0139467755727267
"100",29.75,0.116800968817641,0.0657689510666213,0.0571792018884123,0.0137918102970502,0.0596334070274338,0.0571935652606648,0.116800967966861,0.065768951730087,0.0571791869998903,0.0137918104440047
"101",30,0.115830933853749,0.0655179209796808,0.0565936736217938,0.0136327502158471,0.0593469657640657,0.057086839105553,0.115830933039678,0.0655179216369639,0.0565936588005016,0.0136327503540121
"102",30.25,0.11482956162984,0.0652452702760167,0.0559965226077321,0.0134698608571848,0.0590391109424271,0.0569647304192546,0.11482956085154,0.0652452709272593,0.0559965078526559,0.0134698609861461
"103",30.5,0.113798483205565,0.0649515469812725,0.0553885087991293,0.0133033961669393,0.0587106539124527,0.0568273959055219,0.113798482462071,0.0649515476266096,0.0553884941092888,0.0133033962862745
"104",30.75,0.112739265067828,0.0646372830451662,0.0547703606976717,0.0131336003556575,0.0583623768490913,0.0566749930403834,0.112739264358146,0.0646372836847267,0.0547703460721181,0.013133600464931
"105",31,0.111653411998656,0.0643029952097294,0.0541427768222285,0.0129607088198065,0.0579950336662733,0.0565076806227509,0.111653411321758,0.0643029958436374,0.054142762260045,0.0129607089185697
"106",31.25,0.110542369946366,0.063949184442003,0.0535064272503263,0.0127849465594347,0.0576093503779394,0.0563256157131278,0.110542369301204,0.0639491850703777,0.0535064127506253,0.0127849466472281
"107",31.5,0.109407529190582,0.0635763351860801,0.0528619555314478,0.0126065263015529,0.0572060238757697,0.0561289501743936,0.109407528576078,0.0635763358090342,0.0528619410933673,0.0126065263779145
"108",31.75,0.108250226038596,0.0631849172678258,0.0522099791493731,0.0124256513105645,0.0567857255206281,0.0559178341403932,0.108250225453649,0.0631849178854713,0.0522099647720733,0.0124256513750334
"109",32,0.107071744883617,0.0627753868459582,0.0515510904192911,0.0122425165426132,0.0563491029604961,0.055692417085055,0.107071744327105,0.0627753874584025,0.0515510761019553,0.0122425165947266
"110",32.25,0.105873315314662,0.0623481852172683,0.0508858523450528,0.0120573060462479,0.0558967993514266,0.0554528434051544,0.105873314785448,0.0623481858246171,0.0508858380869075,0.0120573060855564
"111",32.5,0.10465609945747,0.0619037343951945,0.0502147844666814,0.0118701847078087,0.0554295073903415,0.0551992397182595,0.104656098954425,0.0619037349975571,0.0502147702670657,0.0118701847339029
"112",32.75,0.103421209940665,0.0614424428593328,0.049538380311057,0.0116813079017803,0.054947912516095,0.0549317285195752,0.103421209462678,0.0614424434568219,0.0495383661694411,0.0116813079143006
"113",33,0.102169716904823,0.0609647076826221,0.0488571136031477,0.0114908247883445,0.0544526752501238,0.0546504325247827,0.1021697164508,0.0609647082753533,0.0488570995191262,0.0114908247869741
"114",33.25,0.100902649458714,0.0604709150907619,0.0481714388029562,0.0112988788705106,0.0539444332078745,0.0543554750093183,0.100902649027573,0.0604709156788568,0.048171424776243,0.0112988788549808
"115",33.5,0.0996209965178707,0.0599614413293432,0.0474817910502132,0.0111056091083386,0.0534238050024314,0.0540469809916519,0.0996209961085537,0.0599614419129253,0.0474817770806419,0.0111056090784167
"116",33.75,0.0983257092725331,0.0594366524888486,0.0467885878292105,0.0109111492156306,0.0528913879566719,0.0537250757672716,0.0983257088839915,0.0594366530680421,0.0467885739167277,0.0109111491711191
"117",34,0.0970177030749735,0.0588969046776935,0.0460922300751454,0.0107156275832945,0.0523477576079348,0.0533898843862808,0.0970177027061796,0.0588969052526283,0.0460922162198072,0.010715627524033
"118",34.25,0.0956978593556101,0.0583425443088474,0.0453931033476409,0.010519167416347,0.0517934668240709,0.0530415314660342,0.0956978590055542,0.0583425448796531,0.0453930895496062,0.0105191673422063
"119",34.5,0.09436702627284,0.0577739082854452,0.0446915777355388,0.0103218867066217,0.051229049212667,0.0526801407819502,0.0943670259405245,0.0577739088522549,0.0446915639950651,0.0103218866175077
"120",34.75,0.0930260200505284,0.057191324451817,0.0439880085038746,0.0101238986850798,0.0506550197953874,0.0523058355821675,0.0930260197349719,0.0571913250147631,0.0439879948213124,0.0101238985809289
"121",35,0.0916756263605585,0.0565951119345005,0.0432827368194526,0.00992531209285552,0.0500718752760676,0.0519187386533257,0.0916756260607929,0.0565951124937234,0.0432827231952433,0.00992531197363267
"122",35.25,0.090316601520378,0.0559855814694679,0.042576090316274,0.00972623143958184,0.0494800947436271,0.0515189723842404,0.0903166012354548,0.0559855820251052,0.0425760767509447,0.00972623130528305
"123",35.5,0.0889496736038815,0.0553630356840733,0.0418683836008946,0.00952675719398588,0.0488801404648029,0.0511066587460274,0.0889496733328619,0.0553630362362654,0.0418683700950551,0.00952675704463513
"124",35.75,0.0875755435548822,0.0547277692629997,0.0411599187881899,0.0093269857805538,0.0482724584651102,0.0506819190016241,0.0875755432968424,0.0547277698118895,0.0411599053425276,0.00932698561620082
"125",36,0.0861948862314161,0.0540800692377008,0.0404509859916109,0.00912700980254755,0.0476574791506419,0.050244873762832,0.0861948859854476,0.0540800697834287,0.0404509726068878,0.00912700962326607
"126",36.25,0.0848083514103628,0.0534202152273853,0.0397418637981466,0.00892691819352498,0.047035617891936,0.0497956429548747,0.0848083511755719,0.0534202157700987,0.0397418504751985,0.00892691799941492
"127",36.5,0.0834165647463561,0.0527484796737125,0.0390328197193051,0.00872679636159868,0.046407275586029,0.0493343457838691,0.0834165645218565,0.052748480213558,0.0390328064590344,0.00872679615278216
"128",36.75,0.0820201286917381,0.052065128062794,0.0383241106259726,0.00852672632660667,0.0457728391928924,0.048861100705043,0.0820201284766622,0.0520651285999181,0.0383240974293479,0.00852672610322802
"129",37,0.0806196233761423,0.0513704191421551,0.037615983161019,0.00832678685229604,0.0451326822518539,0.04837602539566,0.0806196231696372,0.0513704196767071,0.0376159700290706,0.00832678661452224
"130",37.25,0.0792156074029187,0.0506646077136894,0.0369086740985933,0.00812705342242115,0.04448716536535,0.047879237507809,0.0792156072041328,0.0506646082458175,0.0369086610324119,0.00812705317043871
"131",37.5,0.0778086121178063,0.0499479704253414,0.036202405341049,0.00792759687408795,0.0438366354293738,0.0473708623460656,0.0778086119259145,0.0499479709551904,0.0362023923417811,0.00792759660810827
"132",37.75,0.0763990099121301,0.0492207939634941,0.0354972752496221,0.00772848421188987,0.0431814008914486,0.0468510292367323,0.076399009726325,0.0492207944912,0.0354972623184553,0.00772848393215053
"133",38,0.0749870301033262,0.0484833574548764,0.034793271451929,0.00752977975071367,0.0425217350665097,0.0463198661561002,0.0749870299228377,0.0484833579805688,0.0347932585900801,0.0075297794574789
"134",38.25,0.0735728891290872,0.0477359324484929,0.0340903777517769,0.00733154523354473,0.0418579011795561,0.0457774996545179,0.0735728889531835,0.0477359329722908,0.034090364960488,0.00733154492710053
"135",38.5,0.0721567960862597,0.0469787831582495,0.0333885784467065,0.00713383992953487,0.0411901536899784,0.0452240548628975,0.0721567959142373,0.0469787836802711,0.0333885657272441,0.00713383961019254
"136",38.75,0.0707389529898332,0.0462121666945512,0.0326878583089969,0.00693672072746221,0.0405187386013601,0.0446596554985952,0.0707389528210287,0.0462121672149012,0.0326878456626525,0.00693672039555526
"137",39,0.0693195550223109,0.0454363332872987,0.0319882025689155,0.00674024222529868,0.039843893758059,0.0440844238723219,0.0693195548560892,0.0454363338060801,0.0319881899970023,0.00674024188117972
"138",39.25,0.0678987907728885,0.0446515265024248,0.0312895968977061,0.00654445681662796,0.0391658491307645,0.0434984808966234,0.0678987906086483,0.0446515270197301,0.0312895844015575,0.00654445646067181
"139",39.5,0.0664768424677931,0.0438579834500867,0.0305920273923266,0.00634941477338913,0.0384848270902491,0.0429019460949078,0.0664768423049598,0.0438579839660056,0.0305920149732959,0.00634941440599146
"140",39.75,0.0650538861893857,0.0430559349829274,0.0298954805577689,0.0061551643246105,0.037801042671374,0.0422949376094177,0.0650538860274184,0.0430559354975415,0.0298954682172283,0.00615516394618165
"141",40,0.0636300920917403,0.0422456058908454,0.0291999432964176,0.00596175173297864,0.0371147038252033,0.0416775722122331,0.0636300919301229,0.0422456064042303,0.0291999310357571,0.00596175134394894
"142",40.25,0.0622056246004838,0.0414272150850339,0.0285054028887957,0.00576922136729463,0.0364260116634139,0.0410499653141674,0.0622056244387279,0.0414272155972615,0.0285053907094213,0.00576922096811305
"143",40.5,0.0607806426121549,0.0406009757777657,0.0278118469836581,0.00557761577266236,0.0357351606915461,0.0404122309758392,0.0607806424497976,0.0406009762889035,0.0278118348869922,0.00557761536379253
"144",40.75,0.0593552996824585,0.0397670956569538,0.0271192635845545,0.00538697573821789,0.0350423390339358,0.0397644819197431,0.0593552995190656,0.0397670961670595,0.0271192515720329,0.00538697532013899
"145",41,0.0579297442060422,0.038925777049867,0.0264276410350517,0.00519734036085406,0.0343477286507472,0.0391068295396462,0.0579297440412025,0.0389257775589966,0.0264276291081247,0.00519733993406124
"146",41.25,0.0565041195935372,0.0380772170853145,0.0257369680097344,0.00500874710761279,0.0336515055453948,0.0384393839130848,0.0565041194268643,0.0380772175935187,0.0257369561698635,0.00500874667261364
"147",41.5,0.0550785644381655,0.0372216078501468,0.0250472335008931,0.00482123187562289,0.0329538399652876,0.0377622538141864,0.0550785642692952,0.0372216083574708,0.0250472217495536,0.004821231432941
"148",41.75,0.0536532126775224,0.0363591365381861,0.0243584268071699,0.00463482904909052,0.0322548965949689,0.0370755467252266,0.0536532125061111,0.0363591370446734,0.0243584151458469,0.00463482859926145
"149",42,0.0522281937504321,0.0354899855913979,0.0236705375248714,0.00444957155331505,0.0315548347407759,0.0363793688468359,0.0522281935761626,0.0354899860970841,0.0236705259550605,0.00444957109688549
"150",42.25,0.0508036327454207,0.0346143328454316,0.022983555535343,0.00426549090924055,0.0308538085106225,0.0356738251143742,0.0508036325679946,0.0346143333503486,0.0229835440585497,0.00426549044677049
"151",42.5,0.0493796505460615,0.0337323516598369,0.0222974709967172,0.00408261728295489,0.03015196698537,0.0349590192076903,0.0493796503652009,0.0337323521640132,0.0222974596144558,0.00408261681501543
"152",42.75,0.0479563639701315,0.0328442110507039,0.0216122743341387,0.00390097953522783,0.0294494543850199,0.0342350535655385,0.0479563637855778,0.0328442115541634,0.0216122630479303,0.00390097906240072
"153",43,0.0465338859031004,0.0319500758164759,0.020927956230524,0.00372060526849927,0.0287464102280435,0.0335020293985338,0.0465338857146138,0.03195007631924,0.0209279450418993,0.00372060479137559
"154",43.25,0.0451123254276098,0.0310501067401043,0.0202445076180391,0.00354152086908277,0.0280429694853819,0.0327600467599538,0.0451123252349719,0.0310501072421889,0.0202444965285338,0.00354152038826427
"155",43.5,0.0436917879480543,0.0301444787966343,0.0195619196696093,0.00336375110174103,0.0273392627289866,0.0320092174542275,0.0436917877510599,0.0301444792980545,0.0195619086807661,0.00336375061783301
"156",43.75,0.0422723541716614,0.0292334029576127,0.0188801745410303,0.00318731861171528,0.0266354024964439,0.031249680512655,0.0422723539701284,0.0292334034583766,0.0188801636543978,0.00318731812530881
"157",44,0.0408539195445972,0.02831708992694,0.0181991750544519,0.00301224486938212,0.0259313786968853,0.0304815762773405,0.0408539193383728,0.0283170904270493,0.0181991642715951,0.00301224438105407
"158",44.25,0.0394362898250744,0.0273957446504332,0.0175187864620781,0.00283855034819691,0.0252271209664094,0.029705042424931,0.0394362896140397,0.0273957451498905,0.0175187757845805,0.00283854985851129
"159",44.5,0.038019276593479,0.0264695664893129,0.0168388781845943,0.00266625456065039,0.0245225609798005,0.0289202140303058,0.0380192763775478,0.0264695669881121,0.016838867614057,0.00266625407015653
"160",44.75,0.0366026978261758,0.0255387493854986,0.016159324010347,0.00249537609227124,0.0238176328801316,0.0281272236268446,0.0366026976052982,0.0255387498836317,0.0161593135483864,0.00249537560150515
"161",45,0.035186377685374,0.0246034820215808,0.0154800019522492,0.00232593263437852,0.0231122731965439,0.0273262012654101,0.0351863774595271,0.0246034825190344,0.0154799916004991,0.00232593214386423
"162",45.25,0.0337701463173978,0.0236639479763845,0.0148007941114034,0.00215794101596112,0.0224064207641899,0.0265172745721181,0.0337701460865922,0.0236639484731445,0.0148007838715127,0.00215794052620932
"163",45.5,0.0323538396575085,0.0227203258739657,0.0141215865450381,0.00199141723394636,0.0217000166469532,0.0257005688036926,0.0323538394217868,0.0227203263700098,0.0141215764186691,0.00199141674545533
"164",45.75,0.0309372992407972,0.0217727895325401,0.0134422691375122,0.00182637648380224,0.0209930040637971,0.0248762069044304,0.0309372990002261,0.0217727900278453,0.0134422591263412,0.00182637599705959
"165",46,0.0295203720217643,0.0208215080969962,0.0127627354787743,0.00166283318569516,0.0202853283166817,0.0240443095542187,0.0295203717764432,0.0208215085915375,0.0127627255844902,0.00166283270117429
"166",46.25,0.0281029101976404,0.0198666461822548,0.0120828827434467,0.00150080101407157,0.0195769367222294,0.0232049952250524,0.0281029099476902,0.019866646676002,0.0120828729677487,0.00150080053223522
"167",46.5,0.0266847710416247,0.0189083639993211,0.0114026115791068,0.00134029292255944,0.0188677785443829,0.0223583802278444,0.0266847707871944,0.0189083644922396,0.0114026019237063,0.00134029244385925
"168",46.75,0.0252658167375976,0.0179468174838453,0.0107218259928934,0.00118132116986791,0.0181578049308406,0.0215045787622472,0.0252658164788651,0.0179468179759006,0.0107218164595122,0.00118132069474708
"169",47,0.0238459142233509,0.0169821584171723,0.0100404332454094,0.00102389734378594,0.0174469688510221,0.02064370296306,0.0238459139605105,0.0169821589083234,0.010040423835779,0.00102389687267301
"170",47.25,0.0224249350393126,0.0160145345470424,0.00935834374832023,0.000868032385370032,0.0167352250362516,0.019775862947558,0.0224249347725882,0.0160145350372494,0.00935833446418055,0.000868031918686007
"171",47.5,0.0210027551817014,0.0150440897003223,0.00867547096470211,0.000713736611053228,0.0160225299219796,0.0189011668591075,0.0210027549113398,0.015044090189539,0.0086754618078011,0.000713736149206667
"172",47.75,0.0195792549593712,0.01407096389595,0.00799173131105668,0.000561019735122681,0.0153088415925353,0.0180197209118784,0.0195792546856373,0.0140709643841292,0.0079917222831507,0.000561019278514152
"173",48,0.01815431885918,0.0130952934506938,0.00730704406674398,0.000409890890318287,0.0145941197271533,0.0171316294322583,0.0181543185823605,0.013095293937786,0.00730703516959563,0.000409890439338589
"174",48.25,0.0167278354133291,0.0121172110848349,0.00662133128389764,0.000260358648683567,0.0138783255479247,0.0162369949011527,0.0167278351337359,0.0121172115707884,0.00662132251927749,0.00026035820371284
"175",48.5,0.0152996970684338,0.0111368460205128,0.00593451769673248,0.000112431040505179,0.013161421770592,0.0153359179927399,0.0152996967863919,0.0111368465052708,0.00593450906641646,0.000112430601913793
"176",48.75,0.0138698000692301,0.01015432408159,0.00524653064580693,-3.38844260507898e-05,0.0124433725548396,0.0144284976149844,0.0138697997850876,0.0101543245650966,0.00524652215157495,-3.38848579000128e-05
"177",49,0.0124380443318142,0.00916976778754819,0.00455729998792265,-0.000178580746863499,0.0117241434595101,0.0135148309476136,0.0124380440459371,0.00916976826974292,0.00455729163156038,-0.000178581171617509
"178",49.25,0.0110043333338616,0.00818329644510829,0.00386675802528647,-0.000321651404156409,0.0110037013950794,0.0125950134791246,0.0110043330466354,0.00818329692593167,0.00386674980858626,-0.00032165182146926
"179",49.5,0.00956857400069921,0.00719502623511659,0.00317483942496199,-0.000463090350002471,0.0102820145826197,0.0116691390419525,0.0095685737125244,0.00719502671450289,0.00317483134971708,-0.000463090759537543
"180",49.75,0.00813067659853672,0.00620507030077277,0.00248148114822877,-0.000602891989218701,0.00955905250984124,0.0107372998491417,0.00813067630982989,0.00620507077865806,0.00248147321623682,-0.000602892390650034
"181",50,0.00669055463063017,0.00521353883066755,0.0017866223787748,-0.000741051163599238,0.00883478589175724,0.00979958652868085,0.00669055434182564,0.0052135393069852,0.00178661459183749,-0.000741051556605754
"182",50.25,0.0052481247362568,0.00422053913836873,0.00109020445481489,-0.000877563136882031,0.00810918663032467,0.00885608815610794,0.00524812444780398,0.0042205396130468,0.00109019681473521,-0.000877563521151536
"183",50.5,0.00380330659393557,0.0032261768046995,0.000392170802725911,-0.00101242607707652,0.00738222777717112,0.00790690008537709,0.00380330630629899,0.00322617727766783,0.000392163311309535,-0.00101242645230393
"184",50.75,0.00235602282867298,0.00223056667148391,-0.000307533125758042,-0.00114566666380522,0.00665388349693785,0.00695220399339291,0.00235602254233225,0.00223056714267234,-0.000307540466702783,-0.00114566702969299
"185",51,0.000906207442771034,0.0012338281185782,-0.00100895109391352,-0.00127732882115117,0.00592412888262572,0.00599223276678806,0.000906207158214656,0.00123382858791921,-0.00100895828258052,-0.00127732917740619
"186",51.25,-0.000546153099161728,0.000236077475932461,-0.00171207352436298,-0.00140745572360013,0.00519293920570263,0.00502721438431841,-0.000546153381439041,0.000236077943358559,-0.00171208055897498,-0.00140745606993509
"187",51.5,-0.00200105323010824,-0.000762572015400309,-0.00241687199792295,-0.00153608953374373,0.004460290461477,0.00405737116481752,-0.00200105350961444,-0.000762571549953073,-0.0024168788767347,-0.00153608986987575
"188",51.75,-0.00345848693354078,-0.0017620101184832,-0.00312331853174452,-0.00166327142814859,0.00372615966055534,0.00308291991749243,-0.0034584872097847,-0.00176200965507611,-0.00312332525304493,-0.00166327175380143
"189",52,-0.00491844778924211,-0.00276212952076271,-0.00383138559829632,-0.00178904162315385,0.00299052479695483,0.00210407208593999,-0.0049184480617388,-0.00276212905945883,-0.00383139216040762,-0.00178904193805529
"190",52.25,-0.00638092899159304,-0.00376282575438047,-0.00454104611733408,-0.00191343939924904,0.00225336481742922,0.00112103388952889,-0.00638092925985578,-0.00376282529523664,-0.00454105251861003,-0.00191343970313262
"191",52.5,-0.00784592336645851,-0.00476399712022246,-0.00525227344683188,-0.00203650312514103,0.00151465959128494,0.0001340064598363,-0.00784592363000236,-0.00476399666329819,-0.00525227968566,-0.00203650341774519
"192",52.75,-0.00931342338758157,-0.00576554461369305,-0.00596504137429799,-0.0021582702809142,0.000774389881165405,-0.000856814026919395,-0.00931342364592336,-0.00576554415904074,-0.00596504744909421,-0.00215827056197959
"193",53,-0.0107834211926825,-0.00676737185595133,-0.00667932410906413,-0.00227877748149741,3.25373153469144e-05,-0.00185123622309824,-0.0107834214453408,-0.00676737140362693,-0.00667933001827636,-0.00227877775077268
"194",53.25,-0.0122559085984122,-0.00776938501858826,-0.00739509627356716,-0.00239806049698954,-0.000710915639807297,-0.00284907348108732,-0.012255908844911,-0.00776938456864418,-0.00739510201567173,-0.00239806075422777
"195",53.5,-0.013730877114984,-0.00877149276056333,-0.00811233289561297,-0.00251615427522145,-0.00145598570586714,-0.0038501437352334,-0.0137308773548446,-0.0087714923130493,-0.00811233846911774,-0.00251615452017706
"196",53.75,-0.0152083179611147,-0.00977360616242962,-0.00883100940106996,-0.00263309296245007,-0.00220268881817276,-0.00485426938375255,-0.0152083181938618,-0.00977360571739361,-0.00883101480450987,-0.00263309319488503
"197",54,-0.0166882220764801,-0.0107756386599558,-0.00955110160556716,-0.00274890992265142,-0.00295104015004632,-0.00586127717291518,-0.0166882223016405,-0.0107756382174484,-0.00955110683750604,-0.00274891014233081
"198",54.25,-0.018170580135985,-0.0117775059845675,-0.0102725857077401,-0.00286363775772402,-0.00370105413713162,-0.0068709980873578,-0.0181705803530905,-0.0117775055446305,-0.0102725907667698,-0.00286363796441602
"199",54.5,-0.0196553825621386,-0.0127791261031733,-0.0109954382823649,-0.00297730832639997,-0.00445274449983835,-0.00788326724232569,-0.0196553827707167,-0.0127791256658538,-0.0109954431671024,-0.00297730851988032
"200",54.75,-0.0211426195357536,-0.0137804191589979,-0.0117196362708505,-0.00308995276246238,-0.00520612426677936,-0.00889792377818743,-0.0211426197353379,-0.0137804187243376,-0.0117196409799414,-0.00308995294250725
"201",55,-0.0226322810106243,-0.0147813074148493,-0.0124451569785631,-0.00320160149262039,-0.00596120579494119,-0.00991481075866396,-0.0226322812007504,-0.0147813069828908,-0.0124451615106773,-0.00320160165901129
"202",55.25,-0.0241243567222611,-0.0157817151993447,-0.0131719780641157,-0.0033122842542741,-0.00671800079223317,-0.0109337750727025,-0.0241243569024654,-0.015781714770128,-0.0131719824179504,-0.00331228440679698
"203",55.5,-0.0256188361996497,-0.0167815688534434,-0.0139000775346321,-0.0034220301124277,-0.00747652033670398,-0.0119546673383599,-0.0256188363694712,-0.0167815684270076,-0.0139000817089086,-0.00342203025087251
"204",55.75,-0.0271157087768952,-0.0177807966769006,-0.014629433740033,-0.00353086747569797,-0.00823677489658614,-0.0129773418082806,-0.0271157089358747,-0.0177807962532821,-0.0146294377334972,-0.00353086759985644
"205",56,-0.0286149636011075,-0.0187793288787432,-0.0153600253646515,-0.00363882411254179,-0.00899877434930829,-0.014001656279568,-0.0286149637487894,-0.0187793284579802,-0.0153600291760738,-0.00363882422221273
"206",56.25,-0.0301165896436242,-0.0197770975301568,-0.0160918314221572,-0.0037459271673943,-0.00976252800027666,-0.0150274720066257,-0.030116589779551,-0.019777097112283,-0.0160918350503318,-0.00374592726237744
"207",56.5,-0.0316205757104946,-0.0207740365136004,-0.0168248312513795,-0.00385220317483537,-0.0105280445999369,-0.0160546536133559,-0.031620575834217,-0.0207740360986506,-0.0168248346951234,-0.00385220325493307
"208",56.75,-0.0331269104474519,-0.0217700814788229,-0.0175590045050362,-0.0039576780749786,-0.0112953323626215,-0.0170830690111057,-0.033126910558515,-0.0217700810668289,-0.0175590077631895,-0.00395767814000081
"209",57,-0.0346355823536424,-0.022765169797661,-0.0182943311507184,-0.00406237722772351,-0.0120643989813018,-0.0181125893174556,-0.0346355824516014,-0.0227651693886548,-0.0182943342221424,-0.00406237727748149
"210",57.25,-0.0361465797869815,-0.0237592405190963,-0.0190307914605237,-0.00416632542633044,-0.012835251645761,-0.0191430887765609,-0.0361465798713887,-0.023759240113109,-0.0190307943441037,-0.00416632546063767
"211",57.5,-0.0376598909720052,-0.024752234327817,-0.0197683660065482,-0.0042695469112779,-0.0136078970570477,-0.0201744446830112,-0.0376598910424155,-0.0247522339248771,-0.0197683687011891,-0.00426954692995274
"212",57.75,-0.0391755040106059,-0.0257440935032101,-0.0205070356574968,-0.00437206538354173,-0.0143823414436319,-0.0212065373074832,-0.0391755040665744,-0.0257440931033459,-0.0205070381621262,-0.00437206538640389
"213",58,-0.0406934068858273,-0.0267347618789726,-0.0212467815703774,-0.00447390401735115,-0.0151585905756217,-0.0222392498239774,-0.0406934069269189,-0.0267347614822118,-0.0212467838839423,-0.0044739040042252
"214",58.25,-0.0422135874719185,-0.0277241848021825,-0.0219875851876026,-0.00457508547216801,-0.0159366497795936,-0.0232724682379502,-0.0422135874976917,-0.0277241844085507,-0.0219875873090722,-0.0045750854428821
"215",58.5,-0.0437360335389858,-0.0287123090985855,-0.0227294282301904,-0.00467563190576481,-0.0167165239519829,-0.0243060813197307,-0.0437360335490071,-0.0287123087081076,-0.0227294301585523,-0.00467563186015063
"216",58.75,-0.0452607327626708,-0.0296990831856183,-0.0234722926950601,-0.00477556504432597,-0.0174982175732463,-0.0253399805716796,-0.0452607327565033,-0.0296990827983192,-0.0234722944293222,-0.00477556498221432
"217",59,-0.0467876727271275,-0.0306844616277777,-0.024216160847339,-0.00487490796730849,-0.0182817347203681,-0.0263740612470205,-0.0467876727043421,-0.0306844612436805,-0.0242161623865282,-0.00487490788853862
"218",59.25,-0.0483168407390373,-0.0316684057602679,-0.0249610151210176,-0.00497368537317389,-0.0190670789740075,-0.0274082224414052,-0.0483168406992052,-0.0316684053793947,-0.0249610164641791,-0.00497368527758724
"219",59.5,-0.0498481867094771,-0.0326508783039134,-0.0257068197025343,-0.00507192152339098,-0.0198542332142413,-0.0284423657685249,-0.0498481866521692,-0.0326508779262884,-0.025706820848741,-0.00507192141083568
"220",59.75,-0.0513815803993971,-0.0336318430210731,-0.0264534993186487,-0.00516964013261667,-0.0206431363472728,-0.0294763952280963,-0.0513815803242075,-0.0336318426467184,-0.0264535002670119,-0.0051696400029444
"221",60,-0.0529168838175735,-0.0346112646885102,-0.0272009751354809,-0.00526686438114599,-0.0214337227390331,-0.0305102171480645,-0.0529168837241025,-0.0346112643174488,-0.0272009758851532,-0.00526686423421285
"222",60.25,-0.0544539620514168,-0.0355891090712497,-0.0279491701229477,-0.00536361692710807,-0.0222259281217596,-0.0315437401284786,-0.0544539619392808,-0.0355891087035021,-0.0279491706731232,-0.00536361676277508
"223",60.5,-0.0559926831967399,-0.0365653428980748,-0.028698009013143,-0.00545991991863515,-0.0230196895637391,-0.032576874987484,-0.0559926830655684,-0.0365653425336641,-0.0286980093630529,-0.00545991973676774
"224",60.75,-0.0575329182890929,-0.0375399338418401,-0.029447418260252,-0.00555579500682057,-0.0238149454390886,-0.0336095347116885,-0.0575329181385253,-0.0375399334807858,-0.0294474184091689,-0.00555579480728952
"225",61,-0.0590745412358338,-0.0385128504891066,-0.0301973259989361,-0.00565126335529342,-0.024611635400019,-0.0346416343998754,-0.0590745410655256,-0.0385128501314327,-0.0301973259461681,-0.00565126313797215
"226",61.25,-0.0606174287508114,-0.0394840623249211,-0.0309476620070011,-0.00574634565346166,-0.0254097003472094,-0.0356730912183778,-0.0606174285604268,-0.0394840619706462,-0.0309476617518936,-0.00574634541822761
"227",61.5,-0.0621614602918932,-0.0404535397061689,-0.0316983576679477,-0.00584106212617685,-0.0262090824033354,-0.0367038243492086,-0.0621614600811098,-0.0404535393553154,-0.0316983572098835,-0.00584106187291411
"228",61.75,-0.0637065179960281,-0.0414212538402428,-0.0324493459318829,-0.00593543254439766,-0.0270097248858256,-0.0377337549428791,-0.0637065177645386,-0.0414212534928309,-0.0324493452702783,-0.00593543227299342
"229",62,-0.0652524866219881,-0.0423871767680897,-0.0332005612828392,-0.00602947623670369,-0.0278115722807488,-0.038762806074752,-0.0652524863694914,-0.0423871764241381,-0.0332005604171464,-0.00602947594704695
"230",62.25,-0.0667992534890214,-0.0433512813390715,-0.0339519397016668,-0.00612321209799793,-0.0286145702172647,-0.039790902697229,-0.0667992532152324,-0.0433512809986016,-0.0339519386313709,-0.00612321178998343
"231",62.5,-0.0683467084193943,-0.0443135411943558,-0.0347034186317292,-0.00621665860033715,-0.0294186654430995,-0.0408179715976651,-0.068346708124035,-0.0443135408573871,-0.034703417356349,-0.00621665827386231
"232",62.75,-0.0698947436838342,-0.0452739307481753,-0.0354549369477861,-0.00630983380260597,-0.0302238057997073,-0.0418439413565679,-0.0698947433666408,-0.0452739304147265,-0.0354549354668721,-0.00630983345757308
"233",63,-0.0714432539450769,-0.0462324251646722,-0.0362064349214624,-0.00640275535875068,-0.0310299401991045,-0.0428687423025096,-0.0714432536057927,-0.0462324248347619,-0.0362064332345962,-0.00640275499506426
"234",63.25,-0.0729921362050892,-0.0471890003453783,-0.0369578541904461,-0.00649544052842899,-0.0318370186006085,-0.0438923064760459,-0.0729921358434682,-0.0471890000190278,-0.0369578522972427,-0.0064954401459989
"235",63.5,-0.0745412897534354,-0.0481436329084364,-0.0377091377281822,-0.00658790618515015,-0.0326449919882066,-0.0449145675879183,-0.0745412893692423,-0.0481436325856626,-0.0377091356282833,-0.00658790578388846
"236",63.75,-0.0760906161162769,-0.049096300169742,-0.038460229813738,-0.00668016882450218,-0.0334538123484727,-0.0459354609796225,-0.0760906157092887,-0.0490962998505635,-0.0384602275068175,-0.0066801684043245
"237",64,-0.077640019006175,-0.0500469801306505,-0.0392110760012914,-0.00677224457393644,-0.0342634326497535,-0.0469549235889026,-0.0776400185761759,-0.0500469798150869,-0.039211073487051,-0.00677224413476285
"238",64.25,-0.0791894042749579,-0.0509956514562804,-0.03996162309326,-0.0068641491995205,-0.0350738068206358,-0.0479728939098365,-0.0791894038217427,-0.0509956511443477,-0.039961620371431,-0.00686414874127284
"239",64.5,-0.0807386798650889,-0.0519422934640783,-0.0407118191113542,-0.00695589811529329,-0.0358848897291182,-0.0489893119602076,-0.0807386793884577,-0.0519422931557969,-0.0407118161816942,-0.00695589763789606
"240",64.75,-0.0822877557657566,-0.0528868861047087,-0.0414616132702199,-0.00704750639018981,-0.0366966371639794,-0.0500041192441643,-0.0822877552655257,-0.0528868858000955,-0.0414616101325129,-0.00704750589357328
"241",65,-0.0838365439667967,-0.0538294099498859,-0.0422109559508326,-0.00713898875647079,-0.0375090058141225,-0.0510172587208331,-0.0838365434427866,-0.0538294096489578,-0.0422109526048913,-0.00713898824056525
"242",65.25,-0.085384958413842,-0.0547698461748665,-0.0429597986729533,-0.00723035961653329,-0.0383219532502785,-0.0520286747690406,-0.0853849578658794,-0.0547698458776402,-0.0429597951186151,-0.00723035908127478
"243",65.5,-0.0869329149683971,-0.0557081765445631,-0.0437080940731893,-0.00732163305033051,-0.039135437905836,-0.0530383131556338,-0.0869329143963258,-0.0557081762510565,-0.0437080903103175,-0.00732163249565598
"244",65.75,-0.0884803313633142,-0.0566443834013111,-0.0444557958772394,-0.00741282282299549,-0.0399494190591181,-0.0540461210053493,-0.0884803307669806,-0.0566443831115411,-0.0444557919057216,-0.00741282224884543
"245",66,-0.0900271271644701,-0.0575784496496778,-0.0452028588781328,-0.00750394239140784,-0.0407638568157509,-0.0550520467689886,-0.0900271265437285,-0.0575784493636604,-0.0452028546978811,-0.00750394179772584
"246",66.25,-0.0915732237289788,-0.0585103587417164,-0.0459492389107141,-0.00759500491056375,-0.0415787120914377,-0.0560560401927681,-0.0915732230836896,-0.0585103584594684,-0.0459492345216646,-0.00759500429729609
"247",66.5,-0.0931185441685685,-0.0594400946671048,-0.0466948928315247,-0.00768602324110024,-0.0423939465943803,-0.0570580522911595,-0.0931185434986075,-0.0594400943886422,-0.0466948882336355,-0.00768602260819584
"248",66.75,-0.0946630133097983,-0.060367641938174,-0.047439778493557,-0.00777700995511532,-0.043209522809871,-0.0580580353169182,-0.0946630126150403,-0.0603676416635128,-0.0474397736868108,-0.0077770093025249
"249",67,-0.0962065576581868,-0.0612929855765296,-0.0481838547262372,-0.00786797734217037,-0.0440254039834684,-0.059055942732769,-0.0962065569385215,-0.0612929853056858,-0.0481838497106377,-0.00786797666984995
"250",67.25,-0.0977491053623609,-0.0622161111059718,-0.0489270813140781,-0.0079589374169009,-0.0448415541055134,-0.0600517291874283,-0.0977491046176793,-0.0622161108389605,-0.0489270760896505,-0.00795893672480652
"251",67.5,-0.0992905861780482,-0.0631370045329298,-0.0496694189752609,-0.00804990192278199,-0.0456579378956974,-0.0610453504841963,-0.0992905854082542,-0.0631370042697679,-0.0496694135420532,-0.00804990121087279
"252",67.75,-0.100830931435066,-0.0640556523424198,-0.0504108293425323,-0.00814088234011567,-0.0464745207882089,-0.0620367635599752,-0.100830930640066,-0.0640556520831215,-0.0504108237006111,-0.00814088160835347
"253",68,-0.102370074001646,-0.0649720414821884,-0.0511512749417178,-0.00823188989043411,-0.0472912689167142,-0.0630259264570388,-0.102370073181356,-0.0649720412267687,-0.0511512690911728,-0.00823188913878337
"254",68.25,-0.103907948253081,-0.0658861593532771,-0.0518907191730826,-0.00832293554170516,-0.0481081491008037,-0.0640127983003627,-0.10390794740742,-0.0658861591017521,-0.0518907131140209,-0.00832293477013124
"255",68.5,-0.105444490040277,-0.0667979941012078,-0.0526291262940646,-0.00841402894433907,-0.048925128830863,-0.0649973407936955,-0.105444489169175,-0.0667979938535916,-0.0526291200266149,-0.00841402815281178
"256",68.75,-0.10697963665722,-0.0677075372725442,-0.0533664613987255,-0.00850516902471199,-0.0497421762553696,-0.0659795315841336,-0.106979635760612,-0.0677075370288494,-0.0533664549230335,-0.00850516821320024
"257",69,-0.108513326811343,-0.068614782369437,-0.0541026904008635,-0.00859634904229356,-0.0505592601673168,-0.0669593570492992,-0.108513325889171,-0.0686147821296785,-0.0541026837170944,-0.00859634821077293
"258",69.25,-0.11004549711256,-0.0695197232469384,-0.0548377801261362,-0.00868756224062039,-0.0513763450859308,-0.0679368042509072,-0.110045496164768,-0.0695197230111289,-0.0548377732344734,-0.00868756138906779
"259",69.5,-0.111576070194863,-0.0704223540487474,-0.0555716986738992,-0.00877880203437131,-0.0521933745390424,-0.0689118606509904,-0.111576069221407,-0.0704223538168991,-0.0555716915745377,-0.00877880116276319
"260",69.75,-0.113104966160318,-0.0713226692115194,-0.0563044150337166,-0.00887006196828644,-0.0530102872238594,-0.0698845141566302,-0.113104965161152,-0.071322668983643,-0.0563044077268642,-0.00887006107660415
"261",70,-0.114632106896741,-0.0722206634571076,-0.0570358989315682,-0.00896133571903901,-0.0538270231188882,-0.0708547531038999,-0.114632105871822,-0.072220663233213,-0.0570358914174434,-0.0089613348072648
"262",70.25,-0.11615741604033,-0.0731163317853678,-0.0577661208134996,-0.00905261709250915,-0.0546435234584539,-0.071822566247695,-0.116157414989621,-0.0731163315654646,-0.0577661130923306,-0.00905261616062703
"263",70.5,-0.117680818939384,-0.0740096694671806,-0.0584950518310117,-0.00914390002109355,-0.0554597307065166,-0.0727879427519333,-0.117680817862849,-0.0740096692512777,-0.0584950439030392,-0.00914389906909197
"264",70.75,-0.119202242618005,-0.074900672036442,-0.0592226638251976,-0.00923517856078071,-0.0562755885319071,-0.0737508721790867,-0.119202241515618,-0.0749006718245493,-0.059222655690673,-0.00923517758864811
"265",71,-0.12072161574258,-0.0757893352881887,-0.0599489293132467,-0.00932644688990836,-0.057091041784,-0.0747113444840224,-0.120721614614311,-0.0757893350803132,-0.0599489209724293,-0.00932644589763676
"266",71.25,-0.122238868586235,-0.0766756552660652,-0.0606738214733169,-0.00941769930497705,-0.0579060364681183,-0.0756693500008829,-0.122238867432058,-0.0766756550622141,-0.0606738129264786,-0.0094176982925589
"267",71.5,-0.123753932997406,-0.0775596282600448,-0.0613973141315869,-0.00950893021935117,-0.0587205197229697,-0.0766248794367002,-0.123753931817302,-0.0775596280602233,-0.0613973053790096,-0.00950892918678026
"268",71.75,-0.125266742364557,-0.0784412508008439,-0.0621193817465602,-0.00960013416104966,-0.0595344397970941,-0.0775779238630872,-0.125266741158508,-0.07844125060506,-0.0621193727885334,-0.00960013310832508
"269",72,-0.126777231587091,-0.0793205196519944,-0.0628399993983608,-0.00969130576982646,-0.0603477460264781,-0.078528474706598,-0.126777230355082,-0.0793205194602509,-0.0628399902351848,-0.00969130469694601
"270",72.25,-0.128285337041932,-0.0801974318049847,-0.0635591427728341,-0.00978243979526505,-0.0611603888133416,-0.0794765237407553,-0.128285335783949,-0.0801974316172869,-0.0635591334048162,-0.00978243870222872
"271",72.5,-0.129790996557464,-0.0810719844752139,-0.0642767881539315,-0.009873531094859,-0.0619723196037345,-0.0804220630797907,-0.129790995273503,-0.081071984291567,-0.0642767785813918,-0.0098735299816699
"272",72.75,-0.131294149376945,-0.0819441750929828,-0.0649929124037043,-0.00996457463110589,-0.0627834908675702,-0.0813650851672278,-0.131294148066997,-0.0819441749133887,-0.0649929026269693,-0.00996457349776847
"273",73,-0.132794736134406,-0.0828140013017169,-0.0657074929556334,-0.0100555654702084,-0.0635938560774232,-0.0823055827716797,-0.132794734798471,-0.0828140011261791,-0.0657074829750384,-0.0100555643167288
"274",73.25,-0.134292698825826,-0.0836814609508254,-0.0664205078020332,-0.0101464987795636,-0.064403369688808,-0.083243548977606,-0.134292697463903,-0.0836814607793466,-0.0664204976179219,-0.0101464976059482
"275",73.5,-0.135787980779799,-0.0845465520924966,-0.0671319354809534,-0.0102373698262532,-0.0652119871205468,-0.0841789771793824,-0.135787979391887,-0.0845465519250777,-0.0671319250936779,-0.010237368632513
"276",73.75,-0.137280526631816,-0.0854092729725568,-0.0678417550661372,-0.0103281739739844,-0.0660196647357481,-0.0851118610710753,-0.137280525217926,-0.0854092728091986,-0.0678417444760573,-0.0103281727601301
"277",74,-0.138770282296335,-0.0862696220319714,-0.0685499461548922,-0.0104189066828018,-0.0668263598226613,-0.0860421946442962,-0.138770280856471,-0.0862696218726757,-0.0685499353623769,-0.0104189054488444
"278",74.25,-0.140257194939126,-0.087127597897581,-0.0692564888550184,-0.0105095635060826,-0.0676320305770286,-0.0869699721777373,-0.1402571934733,-0.0871275977423478,-0.0692564778604421,-0.0105095622520377
"279",74.5,-0.141741212962378,-0.0879831993767448,-0.0699613637854761,-0.0106001400883873,-0.0684366360829554,-0.0878951882304957,-0.141741211470601,-0.0879831992255742,-0.069961352589222,-0.0106001388142705
"280",74.75,-0.143222285961627,-0.0888364254584655,-0.0706645520471123,-0.0106906321653408,-0.0692401362966617,-0.0888178376388744,-0.143222284443914,-0.0888364253113565,-0.0706645406495716,-0.0106906308711689
"281",75,-0.144700364715922,-0.0896872753012508,-0.071366035226978,-0.0107810355595666,-0.070042492028854,-0.0897379155054523,-0.144700363172296,-0.0896872751582007,-0.0713660236285469,-0.0107810342453583
"282",75.25,-0.146175401159578,-0.0905357482364533,-0.0720657953844848,-0.0108713461812404,-0.0708436649274464,-0.0906554171973539,-0.146175399590057,-0.0905357480974622,-0.0720657835855683,-0.0108713448470157
"283",75.5,-0.147647348357905,-0.0913818437592413,-0.0727638150403456,-0.0109615600249593,-0.0716436174615538,-0.091570338337462,-0.14764734676251,-0.0913818436243066,-0.0727638030413549,-0.0109615586707399
"284",75.75,-0.149116160487356,-0.0922255615245673,-0.0734600771695391,-0.0110516731681414,-0.0724423129057445,-0.0924826747982337,-0.149116158866113,-0.0922255613936862,-0.0734600649708921,-0.0110516717939504
"285",76,-0.150581792809113,-0.0930669013468322,-0.0741545651892253,-0.0111416817704324,-0.0732397153229822,-0.0933924226985372,-0.15058179116205,-0.0930669012200012,-0.0741545527913465,-0.0111416803762943
"286",76.25,-0.152044201649531,-0.0939058631915044,-0.0748472629504913,-0.011231582070899,-0.0740357895506474,-0.0942995783947556,-0.152044199976676,-0.09390586306872,-0.0748472503538111,-0.0112315806568386
"287",76.5,-0.153503344379484,-0.0947424471755367,-0.0755381547306855,-0.0113213703875683,-0.0748305011848114,-0.0952041384787137,-0.153503342680867,-0.0947424470567961,-0.0755381419356418,-0.0113213689536122
"288",76.75,-0.154959179392364,-0.0955766535595837,-0.076227225223664,-0.0114110431149199,-0.0756238165654164,-0.0961060997686598,-0.154959177668022,-0.0955766534448816,-0.0762272122306977,-0.0114110416610966
"289",77,-0.156411666084065,-0.0964084827474405,-0.0769144595314835,-0.0115005967233408,-0.0764157027620289,-0.0970054593058052,-0.156411664334031,-0.0964084826367726,-0.0769144463410454,-0.0115005952496796
"290",77.25,-0.157860764832479,-0.0972379352960147,-0.0775998431557929,-0.0115900277583307,-0.0772061275594318,-0.0979022143740735,-0.157860763056794,-0.0972379351893746,-0.0775998297683373,-0.0115900262648623
"291",77.5,-0.159306436978628,-0.0980650118736257,-0.0782833619903216,-0.0116793328356692,-0.077995059443797,-0.0987963624324575,-0.159306435177331,-0.0980650117710091,-0.0782833484063086,-0.0116793313224246
"292",77.75,-0.16074864480758,-0.0988897132650681,-0.0789650023126729,-0.0117685086410173,-0.0787824675894431,-0.0996879011226799,-0.160748642980709,-0.0988897131664688,-0.0789649885325687,-0.011768507108032
"293",78,-0.162187351528186,-0.0997120403839871,-0.079644750775195,-0.0118575519299253,-0.0795683218453842,-0.100576828290242,-0.162187349675787,-0.099712040289397,-0.0796447367994695,-0.0118575503772309
"294",78.25,-0.163622521256547,-0.100531994285948,-0.0803225943994423,-0.011946459528104,-0.0803525927219404,-0.101463142005674,-0.163622519378666,-0.100531994195364,-0.0803225802285725,-0.0119464579557356
"295",78.5,-0.165054118997704,-0.101349576213581,-0.080998520568301,-0.0120352283348413,-0.0811352513780736,-0.102346840636882,-0.165054117094386,-0.101349576126992,-0.0809985062027683,-0.0120352267428361
"296",78.75,-0.166482110626527,-0.102164787543495,-0.0816725170162487,-0.0121238553168368,-0.0819162696099411,-0.103227922764987,-0.166482108697823,-0.102164787460896,-0.0816725024565397,-0.0121238537052326
"297",79,-0.167906462872175,-0.102977629766832,-0.0823445718252342,-0.0122123375053369,-0.0826956198370787,-0.104106387153733,-0.167906460918137,-0.102977629688215,-0.0823445570718397,-0.0122123358741701
"298",79.25,-0.169327143305669,-0.10378810328515,-0.083014673418957,-0.012300671876003,-0.0834732750941996,-0.104982230837814,-0.169327141326347,-0.103788103210507,-0.0830146584723739,-0.0123006702253159
"299",79.5,-0.170744120306054,-0.104596209444141,-0.0836828105464007,-0.0123888555494402,-0.0842492090101796,-0.105855452352019,-0.170744118301502,-0.104596209373462,-0.0836827954071286,-0.0123888538792718
"300",79.75,-0.172157363041748,-0.105401954263084,-0.0843489722750936,-0.0124768861594742,-0.0850233957936215,-0.106726057653651,-0.172157361012022,-0.105401954196362,-0.084348956943638,-0.0124768844698657
"301",80,-0.17356684155634,-0.106205343983246,-0.0850131480372158,-0.0125647614114857,-0.085795810280425,-0.107594053054676,-0.173566839501497,-0.106205343920471,-0.0850131325140873,-0.0125647597024798
"302",80.25,-0.174972526604012,-0.107006385908062,-0.0856753275444406,-0.0126524791648044,-0.0865664278382052,-0.108459446555786,-0.174972524524115,-0.107006385849227,-0.0856753118301516,-0.0126524774364434
"303",80.5,-0.176374389635788,-0.107805091490753,-0.086335500782504,-0.0127400377377733,-0.087335224356103,-0.109322252748269,-0.176374387530892,-0.107805091435846,-0.0863354848775733,-0.0127400359900989
"304",80.75,-0.177772414753138,-0.108601472950941,-0.086993664324988,-0.012827435571682,-0.0881021830242155,-0.110182487443332,-0.177772412623307,-0.108601472899955,-0.0869936482299347,-0.0128274338047367
"305",81,-0.179166610481808,-0.109395540862412,-0.0876498275500115,-0.0129146709908148,-0.0888673010133729,-0.111040163843681,-0.179166608327105,-0.109395540815338,-0.0876498112653561,-0.0129146692046413
"306",81.25,-0.180556989236672,-0.110187305575137,-0.0883040018002359,-0.0130017423429281,-0.0896305778208717,-0.111895294799412,-0.180556987057158,-0.110187305531965,-0.0883039853264953,-0.0130017405375691
"307",81.5,-0.181943562918077,-0.110976777728739,-0.0889561980597842,-0.0130886480490324,-0.0903920127694029,-0.112747893624872,-0.181943560713811,-0.110976777689459,-0.0889561813974744,-0.0130886462245305
"308",81.75,-0.183326343561712,-0.111763967806723,-0.0896064272980928,-0.0131753865584825,-0.0911516053747849,-0.113597973391178,-0.183326341332756,-0.111763967771329,-0.0896064104477285,-0.0131753847148817
"309",82,-0.184705343178672,-0.112548886247587,-0.0902547003878578,-0.013261956359444,-0.0919093552522092,-0.114445547101827,-0.184705340925091,-0.112548886216067,-0.0902546833499511,-0.0132619544967865
"310",82.25,-0.18608057377498,-0.113331543425695,-0.0909010281161091,-0.013348355976067,-0.0926652621262516,-0.115290627663558,-0.186080571496833,-0.113331543398041,-0.0909010108911721,-0.0133483540943971
"311",82.5,-0.187452047341989,-0.114111949645118,-0.0915454211808258,-0.0134345839670855,-0.0934193258233602,-0.116133227877153,-0.187452045039338,-0.114111949621321,-0.0915454037693673,-0.0134345820664459
"312",82.75,-0.188819775856169,-0.114890115149132,-0.0921878901922932,-0.0135206389264093,-0.0941715462698216,-0.116973360450913,-0.188819773529077,-0.114890115129183,-0.0921878725948204,-0.0135206370068435
"313",83,-0.190183771279207,-0.115666050115721,-0.0928284456746065,-0.0136065194813404,-0.0949219234899381,-0.117811037997008,-0.190183768927731,-0.115666050099609,-0.0928284278916265,-0.0136065175428923
"314",83.25,-0.191544045554858,-0.116439764659749,-0.0934670980651946,-0.0136922242924937,-0.0956704576029086,-0.118646273033201,-0.191544043179062,-0.116439764647469,-0.0934670800972115,-0.0136922223352069
"315",83.5,-0.192900610616867,-0.117211268840731,-0.0941038577212203,-0.0137777520551969,-0.0964171488238676,-0.119479077988741,-0.192900608216812,-0.11721126883227,-0.0941038395687372,-0.0137777500791163
"316",83.75,-0.194253478377728,-0.11798057264755,-0.0947387349136477,-0.0138631014943242,-0.097161997458171,-0.120309465195048,-0.194253475953476,-0.1179805726429,-0.0947387165771665,-0.0138630994994919
"317",84,-0.195602660729332,-0.118747686006308,-0.095371739829023,-0.0139482713663104,-0.097905003899827,-0.121137446891444,-0.195602658280944,-0.11874768600546,-0.0953717213090433,-0.0139482693527713
"318",84.25,-0.196948169544941,-0.119512618792297,-0.0960028825724533,-0.0140332604611677,-0.0986461686299691,-0.121963035233447,-0.196948167072475,-0.119512618795242,-0.0960028638694728,-0.0140332584289666
"319",84.5,-0.198290016679234,-0.120275380807795,-0.0966321731695268,-0.0141180675936567,-0.0993854922144362,-0.122786242278845,-0.198290014182752,-0.120275380814523,-0.0966321542840425,-0.0141180655428377
"320",84.75,-0.199628213968216,-0.121035981812685,-0.0972596215660961,-0.0142026916209557,-0.100122975303831,-0.123607080008693,-0.199628211447783,-0.121035981823188,-0.0972596024986023,-0.0142026895515626
"321",85,-0.200962773230753,-0.121794431480501,-0.0978852376287707,-0.0142871314089557,-0.100858618634561,-0.124425560298333,-0.200962770686425,-0.121794431494767,-0.0978852183797612,-0.0142871293210325
"322",85.25,-0.202293706238578,-0.122550739358537,-0.0985090311452237,-0.0143713858035226,-0.10159242299407,-0.125241694891201,-0.202293703670417,-0.12255073937656,-0.0985090117151897,-0.0143713836971155
"323",85.5,-0.203621024927504,-0.123304915047035,-0.0991310118120383,-0.014455453761518,-0.102324389475434,-0.126055495519712,-0.203621022335568,-0.123304915068804,-0.0991309922014714,-0.0144554516366693
"324",85.75,-0.204944740840315,-0.124056968117959,-0.0997511892798486,-0.0145393342897986,-0.103054518790048,-0.126866973851229,-0.20494473822467,-0.124056968143465,-0.099751169489235,-0.0145393321465548
"325",86,-0.206264868118144,-0.124806908084068,-0.100369572931499,-0.0146230264215355,-0.103782814933405,-0.127676141467848,-0.206264865478848,-0.124806908113302,-0.100369552961328,-0.014623024259941
"326",86.25,-0.207581448960532,-0.125554744399355,-0.10098617002446,-0.0147065292157165,-0.104509316351441,-0.128483009867212,-0.207581446297641,-0.125554744432308,-0.100986149875211,-0.0147065270358153
"327",86.5,-0.20889449766409,-0.126300486459465,-0.101600989774612,-0.0147898417566683,-0.10523402743536,-0.129287590463308,-0.208894494977669,-0.126300486496127,-0.101600969446763,-0.0147898395585058
"328",86.75,-0.210204018863953,-0.127044143600002,-0.102214042027305,-0.0148729631520061,-0.105956940849122,-0.130089894585844,-0.210204016154057,-0.127044143640364,-0.102214021521335,-0.0148729609356275
"329",87,-0.211510017288656,-0.127785725016913,-0.102825336546398,-0.0149558924726896,-0.106678049469689,-0.130889933427278,-0.211510014555345,-0.127785725060967,-0.102825315862782,-0.0149558902381397
"330",87.25,-0.212812497757689,-0.128525239744195,-0.103434883015151,-0.0150386287356952,-0.107397346383024,-0.131687718028346,-0.212812495001022,-0.12852523979193,-0.103434862154369,-0.015038626483018
"331",87.5,-0.214111465179078,-0.129262696755359,-0.104042691037122,-0.0151211709786585,-0.10811482488015,-0.132483259346696,-0.214111462399114,-0.129262696806767,-0.104042669999648,-0.0151211687079007
"332",87.75,-0.215406924547024,-0.129998104970984,-0.104648770137029,-0.0152035182647463,-0.108830478453307,-0.13327656826244,-0.215406921743824,-0.129998105026053,-0.104648748923341,-0.0152035159759532
"333",88,-0.216698880939603,-0.130731473259077,-0.105253129761622,-0.0152856696821897,-0.109544300792169,-0.134067655578869,-0.216698878113226,-0.1307314733178,-0.105253108372193,-0.0152856673754043
"334",88.25,-0.217987339516496,-0.13146281043542,-0.105855779280527,-0.0153676243438197,-0.110256285780141,-0.134856532023164,-0.217987336667004,-0.131462810497788,-0.105855757715832,-0.0153676220190881
"335",88.5,-0.219272305516794,-0.132192125263929,-0.106456727987089,-0.0154493813866181,-0.11096642749072,-0.135643208247094,-0.219272302644243,-0.132192125329931,-0.106456706247603,-0.0154493790439867
"336",88.75,-0.220553784256813,-0.132919426470972,-0.107055985099199,-0.0155309399816614,-0.111674720183926,-0.136427694837082,-0.220553781361268,-0.1329194265406,-0.107055963185395,-0.0155309376211745
"337",89,-0.221831781128007,-0.13364472568072,-0.107653559760108,-0.0156123015153993,-0.112381158302814,-0.137210004286061,-0.221831778209528,-0.133644725753966,-0.107653537672459,-0.0156122991371035
"338",89.25,-0.223106301594875,-0.134368037551138,-0.108249461039234,-0.0156934696900541,-0.113085736470044,-0.137990151085251,-0.223106298653521,-0.13436803762799,-0.108249438778211,-0.0156934672939917
"339",89.5,-0.224377351192944,-0.135089363857066,-0.108843697932956,-0.0157744386911869,-0.113788449484504,-0.138768141034674,-0.224377348228774,-0.135089363937515,-0.10884367549903,-0.0157744362774039
"340",89.75,-0.225644935526786,-0.135808703046907,-0.109436279365396,-0.0158552002909538,-0.114489292318018,-0.139543977661923,-0.225644932539863,-0.135808703130945,-0.109436256759039,-0.015855197859497
"341",90,-0.226909060268076,-0.136526053686907,-0.110027214189198,-0.0159357464077443,-0.115188260112109,-0.140317664535806,-0.226909057258465,-0.136526053774524,-0.110027191410881,-0.0159357439586616
